code,decision_row,goes_again,what_has_to_change_first,customer_message,needs_a_person_first
R01,1,yes,nothing,did not clear plus the date it goes again,
R09,1,yes,nothing,did not clear plus the date it goes again. NOT the R01 wording: the money was there and a deposit had not settled,
R02,2,not_on_this_entry,account details,could not collect from the account on file; balance waits for an account we can debit,
R03,2,not_on_this_entry,account details,could not collect from the account on file; balance waits for an account we can debit,
R04,2,not_on_this_entry,account details,ask them to confirm the number rather than to switch banks. May be a digit held wrongly on our side,
R13,2,not_on_this_entry,account details,ask them to confirm the routing number rather than to switch banks. May be a digit held wrongly on our side,
R20,2,not_on_this_entry,account details,the account on file cannot take this kind of debit; balance waits for one that can,
R28,2,not_on_this_entry,account details,ask them to confirm the routing number rather than to switch banks. May be a digit held wrongly on our side,
R08,3,not_until_they_ask,their instruction,a question about what happened and the ways to settle. Their instruction to their own bank about one payment; not the end of the authorization,
R11,4,corrected_only,our own entry,what was wrong plus the corrected amount or date plus when it goes. ARRIVES IN THE UNAUTHORIZED FAMILY AND IS STILL CORRECTABLE,
R05,5,no,nothing will,nothing automatic. A named person writes that day,
R07,5,no,nothing will,nothing automatic. A named person writes that day,
R10,5,no,nothing will,nothing automatic. A named person writes that day,
R14,5,no,nothing will,nothing automatic. A named person writes that day,
R15,5,no,nothing will,nothing automatic. A named person writes that day,
R16,5,no,nothing will,nothing automatic. A named person writes that day. The account is blocked rather than the authorization being gone,
R29,5,no,nothing will,nothing automatic. A named person writes that day,
DEFAULT,5,no,nothing will,anything not listed lands here and never on row 1,
